group,n_feats,macro_f1,balanced_acc,gen_recall
all,51,0.4939423666462293,0.5083841463414634,0.573170731707317
invariant,39,0.47720364741641336,0.490650406504065,0.5365853658536586
deviation,12,0.4345732255166217,0.44375,0.5
