league,model,macro_f1,balanced_acc,accuracy,min_class_recall
feature,ExtraTrees,0.4939423666462293,0.5083841463414634,0.6853932584269663,0.0
feature,RandomForest,0.49324037925264913,0.514380081300813,0.6891385767790262,0.0
feature,XGBoost,0.46511472050291475,0.5119410569105691,0.6853932584269663,0.0
feature,SVM_RBF,0.45703984728690933,0.5045731707317074,0.6779026217228464,0.0
