model,macro_F1,accuracy
Vote(ET+LGBM+Cat),0.9058201058201059,0.8914027149321267
HistGB,0.9021386552311838,0.8868778280542986
RandomForest,0.8974427159508931,0.8823529411764706
LightGBM,0.8872560482795686,0.8733031674208145
LogReg,0.8723499619022007,0.8552036199095022
ExtraTrees,0.8198297676558547,0.8009049773755657
SVM-RBF,0.797650911809548,0.8009049773755657
